{"cameraMode":{"drawMode":0,"name":"Shaded","section":"Shading Mode"},"sceneLighting":true,"audioPlay":false,"sceneViewState":{"m_AlwaysRefresh":false,"showFog":true,"showSkybox":true,"showFlares":true,"showImageEffects":true,"showParticleSystems":true,"showVisualEffectGraphs":true,"m_FxEnabled":false},"in2DMode":false,"pivot":{"x":-0.2286655157804489,"y":3.444525718688965,"z":12.634676933288575},"rotation":{"x":-0.23673902451992036,"y":-0.4630361497402191,"z":0.12971629202365876,"w":-0.8443344831466675},"size":0.9171678423881531,"orthographic":false}